1.	Munda languages | mounda, langues | Mundasprachen (Andere)	ISO639-2 Languages	Authority		mun
	Munda languages ; mounda, langues ; Mundasprachen (Andere)
2.	Fang | fang | Pangwe-Sprache	ISO639-2 Languages	Authority		fan
	Fang ; fang ; Pangwe-Sprache
3.	Kosraean | kosrae | Kosraeanisch	ISO639-2 Languages	Authority		kos
	Kosraean ; kosrae ; Kosraeanisch
4.	Tuvinian | touva | Tuwinisch	ISO639-2 Languages	Authority		tyv
	Tuvinian ; touva ; Tuwinisch
5.	Undetermined | indéterminée | Nicht zu entscheiden	ISO639-2 Languages	Authority		und
	Undetermined ; indéterminée ; Nicht zu entscheiden
6.	Cheyenne | cheyenne | Cheyenne-Sprache	ISO639-2 Languages	Authority		chy
	Cheyenne ; cheyenne ; Cheyenne-Sprache
7.	Czech | tchèque | Tschechisch	ISO639-2 Languages	Authority		cze
	Czech ; tchèque ; Tschechisch
8.	Kikuyu |  Gikuyu | kikuyu | Kikuyu-Sprache	ISO639-2 Languages	Authority		kik
	Kikuyu ; Gikuyu ; kikuyu ; Kikuyu-Sprache
9.	Tswana | tswana | Tswana-Sprache	ISO639-2 Languages	Authority		tsn
	Tswana ; tswana ; Tswana-Sprache
10.	Sango | sango | Sango-Sprache	ISO639-2 Languages	Authority		sag
	Sango ; sango ; Sango-Sprache
11.	Amharic | amharique | Amharisch	ISO639-2 Languages	Authority		amh
	Amharic ; amharique ; Amharisch
12.	Hittite | hittite | Hethitisch	ISO639-2 Languages	Authority		hit
	Hittite ; hittite ; Hethitisch
13.	Syriac | syriaque | Neuostaramäisch	ISO639-2 Languages	Authority		syr
	Syriac ; syriaque ; Neuostaramäisch
14.	Papiamento | papiamento | Papiamento	ISO639-2 Languages	Authority		pap
	Papiamento ; papiamento ; Papiamento
15.	Serbian | serbe | Serbisch	ISO639-2 Languages	Authority		srp
	Serbian ; serbe ; Serbisch
16.	Breton | breton | Bretonisch	ISO639-2 Languages	Authority		bre
	Breton ; breton ; Bretonisch
17.	Basa | basa | Basaa-Sprache	ISO639-2 Languages	Authority		bas
	Basa ; basa ; Basaa-Sprache
18.	Malay | malais | Malaiisch	ISO639-2 Languages	Authority		may
	Malay ; malais ; Malaiisch
19.	Arabic | arabe | Arabisch	ISO639-2 Languages	Authority		ara
	Arabic ; arabe ; Arabisch
20.	Blissymbols |  Blissymbolics |  Bliss | symboles Bliss |  Bliss | Bliss-Symbol	ISO639-2 Languages	Authority		zbl
	Blissymbols ; Blissymbolics ; Bliss ; symboles Bliss ; Bliss ; Bliss-Symbol
21.	Iban | iban | Iban-Sprache	ISO639-2 Languages	Authority		iba
	Iban ; iban ; Iban-Sprache
22.	Persian, Old (ca.600-400 B.C.) | perse, vieux (ca. 600-400 av. J.-C.) | Altpersisch	ISO639-2 Languages	Authority		peo
	Persian, Old (ca.600-400 B.C.) ; perse, vieux (ca. 600-400 av. J.-C.) ; Altpersisch
23.	Tamil | tamoul | Tamil	ISO639-2 Languages	Authority		tam
	Tamil ; tamoul ; Tamil
24.	Yoruba | yoruba | Yoruba-Sprache	ISO639-2 Languages	Authority		yor
	Yoruba ; yoruba ; Yoruba-Sprache
25.	Filipino |  Pilipino | filipino |  pilipino | Pilipino	ISO639-2 Languages	Authority		fil
	Filipino ; Pilipino ; filipino ; pilipino ; Pilipino
26.	Berber languages | berbères, langues | Berbersprachen (Andere)	ISO639-2 Languages	Authority		ber
	Berber languages ; berbères, langues ; Berbersprachen (Andere)
27.	Swiss German |  Alemannic |  Alsatian | suisse alémanique |  alémanique |  alsacien | Schweizerdeutsch	ISO639-2 Languages	Authority		gsw
	Swiss German ; Alemannic ; Alsatian ; suisse alémanique ; alémanique ; alsacien ; Schweizerdeutsch
28.	Nahuatl languages | nahuatl, langues | Nahuatl	ISO639-2 Languages	Authority		nah
	Nahuatl languages ; nahuatl, langues ; Nahuatl
29.	Somali | somali | Somali	ISO639-2 Languages	Authority		som
	Somali ; somali ; Somali
30.	Welsh | gallois | Kymrisch	ISO639-2 Languages	Authority		cym
	Welsh ; gallois ; Kymrisch
31.	Mohawk | mohawk | Mohawk-Sprache	ISO639-2 Languages	Authority		moh
	Mohawk ; mohawk ; Mohawk-Sprache
32.	Karachay-Balkar | karatchai balkar | Karatschaiisch-Balkarisch	ISO639-2 Languages	Authority		krc
	Karachay-Balkar ; karatchai balkar ; Karatschaiisch-Balkarisch
33.	South American Indian languages | sud-amérindiennes, langues | Indianersprachen, Südamerika (Andere)	ISO639-2 Languages	Authority		sai
	South American Indian languages ; sud-amérindiennes, langues ; Indianersprachen, Südamerika (Andere)
34.	Western Frisian | frison occidental | Friesisch	ISO639-2 Languages	Authority		fry
	Western Frisian ; frison occidental ; Friesisch
35.	Dutch |  Flemish | néerlandais |  flamand | Niederländisch	ISO639-2 Languages	Authority		dut
	Dutch ; Flemish ; néerlandais ; flamand ; Niederländisch
36.	Madurese | madourais | Maduresisch	ISO639-2 Languages	Authority		mad
	Madurese ; madourais ; Maduresisch
37.	Afrihili | afrihili | Afrihili	ISO639-2 Languages	Authority		afh
	Afrihili ; afrihili ; Afrihili
38.	Tamashek | tamacheq | Tamaeq	ISO639-2 Languages	Authority		tmh
	Tamashek ; tamacheq ; Tamaeq
39.	Telugu | télougou | Telugu-Sprache	ISO639-2 Languages	Authority		tel
	Telugu ; télougou ; Telugu-Sprache
40.	Serer | sérère | Serer-Sprache	ISO639-2 Languages	Authority		srr
	Serer ; sérère ; Serer-Sprache
41.	Hebrew | hébreu | Hebräisch	ISO639-2 Languages	Authority		heb
	Hebrew ; hébreu ; Hebräisch
42.	Official Aramaic (700-300 BCE) |  Imperial Aramaic (700-300 BCE) | araméen d'empire (700-300 BCE) | Aramäisch	ISO639-2 Languages	Authority		arc
	Official Aramaic (700-300 BCE) ; Imperial Aramaic (700-300 BCE) ; araméen d'empire (700-300 BCE) ; Aramäisch
43.	Norse, Old | norrois, vieux | Altnorwegisch	ISO639-2 Languages	Authority		non
	Norse, Old ; norrois, vieux ; Altnorwegisch
44.	Abkhazian | abkhaze | Abchasisch	ISO639-2 Languages	Authority		abk
	Abkhazian ; abkhaze ; Abchasisch
45.	Akan | akan | Akan-Sprache	ISO639-2 Languages	Authority		aka
	Akan ; akan ; Akan-Sprache
46.	Bulgarian | bulgare | Bulgarisch	ISO639-2 Languages	Authority		bul
	Bulgarian ; bulgare ; Bulgarisch
47.	Achinese | aceh | Aceh-Sprache	ISO639-2 Languages	Authority		ace
	Achinese ; aceh ; Aceh-Sprache
48.	Caddo | caddo | Caddo-Sprachen	ISO639-2 Languages	Authority		cad
	Caddo ; caddo ; Caddo-Sprachen
49.	Finnish | finnois | Finnisch	ISO639-2 Languages	Authority		fin
	Finnish ; finnois ; Finnisch
50.	Tibetan | tibétain | Tibetisch	ISO639-2 Languages	Authority		bod
	Tibetan ; tibétain ; Tibetisch
51.	Asturian |  Bable |  Leonese |  Asturleonese | asturien |  bable |  léonais |  asturoléonais | Asturisch	ISO639-2 Languages	Authority		ast
	Asturian ; Bable ; Leonese ; Asturleonese ; asturien ; bable ; léonais ; asturoléonais ; Asturisch
52.	Icelandic | islandais | Isländisch	ISO639-2 Languages	Authority		isl
	Icelandic ; islandais ; Isländisch
53.	Yapese | yapois | Yapesisch	ISO639-2 Languages	Authority		yap
	Yapese ; yapois ; Yapesisch
54.	Russian | russe | Russisch	ISO639-2 Languages	Authority		rus
	Russian ; russe ; Russisch
55.	Kashmiri | kashmiri | Kaschmiri	ISO639-2 Languages	Authority		kas
	Kashmiri ; kashmiri ; Kaschmiri
56.	Lunda | lunda | Lunda-Sprache	ISO639-2 Languages	Authority		lun
	Lunda ; lunda ; Lunda-Sprache
57.	Kalmyk |  Oirat | kalmouk |  oïrat | Kalmückisch	ISO639-2 Languages	Authority		xal
	Kalmyk ; Oirat ; kalmouk ; oïrat ; Kalmückisch
58.	Ga | ga | Ga-Sprache	ISO639-2 Languages	Authority		gaa
	Ga ; ga ; Ga-Sprache
59.	Zhuang |  Chuang | zhuang |  chuang | Zhuang	ISO639-2 Languages	Authority		zha
	Zhuang ; Chuang ; zhuang ; chuang ; Zhuang
60.	Ndonga | ndonga | Ndonga	ISO639-2 Languages	Authority		ndo
	Ndonga ; ndonga ; Ndonga
61.	Bislama | bichlamar | Beach-la-mar	ISO639-2 Languages	Authority		bis
	Bislama ; bichlamar ; Beach-la-mar
62.	Dogrib | dogrib | Dogrib-Sprache	ISO639-2 Languages	Authority		dgr
	Dogrib ; dogrib ; Dogrib-Sprache
63.	Wolof | wolof | Wolof-Sprache	ISO639-2 Languages	Authority		wol
	Wolof ; wolof ; Wolof-Sprache
64.	Siksika | blackfoot | Blackfoot-Sprache	ISO639-2 Languages	Authority		bla
	Siksika ; blackfoot ; Blackfoot-Sprache
65.	Malagasy | malgache | Malagassi-Sprache	ISO639-2 Languages	Authority		mlg
	Malagasy ; malgache ; Malagassi-Sprache
66.	Dyula | dioula | Dyula-Sprache	ISO639-2 Languages	Authority		dyu
	Dyula ; dioula ; Dyula-Sprache
67.	Dzongkha | dzongkha | Dzongkha	ISO639-2 Languages	Authority		dzo
	Dzongkha ; dzongkha ; Dzongkha
68.	Adangme | adangme | Adangme-Sprache	ISO639-2 Languages	Authority		ada
	Adangme ; adangme ; Adangme-Sprache
69.	Fanti | fanti | Fante-Sprache	ISO639-2 Languages	Authority		fat
	Fanti ; fanti ; Fante-Sprache
70.	Ossetian |  Ossetic | ossète | Ossetisch	ISO639-2 Languages	Authority		oss
	Ossetian ; Ossetic ; ossète ; Ossetisch
71.	Duala | douala | Duala-Sprachen	ISO639-2 Languages	Authority		dua
	Duala ; douala ; Duala-Sprachen
72.	Southern Altai | altai du Sud | Altaisch	ISO639-2 Languages	Authority		alt
	Southern Altai ; altai du Sud ; Altaisch
73.	Kanuri | kanouri | Kanuri-Sprache	ISO639-2 Languages	Authority		kau
	Kanuri ; kanouri ; Kanuri-Sprache
74.	Samaritan Aramaic | samaritain | Samaritanisch	ISO639-2 Languages	Authority		sam
	Samaritan Aramaic ; samaritain ; Samaritanisch
75.	Pedi |  Sepedi |  Northern Sotho | pedi |  sepedi |  sotho du Nord | Pedi-Sprache	ISO639-2 Languages	Authority		nso
	Pedi ; Sepedi ; Northern Sotho ; pedi ; sepedi ; sotho du Nord ; Pedi-Sprache
76.	Marshallese | marshall | Marschallesisch	ISO639-2 Languages	Authority		mah
	Marshallese ; marshall ; Marschallesisch
77.	Romany | tsigane | Romani (Sprache)	ISO639-2 Languages	Authority		rom
	Romany ; tsigane ; Romani (Sprache)
78.	Ladino | judéo-espagnol | Judenspanisch	ISO639-2 Languages	Authority		lad
	Ladino ; judéo-espagnol ; Judenspanisch
79.	Inupiaq | inupiaq | Inupik	ISO639-2 Languages	Authority		ipk
	Inupiaq ; inupiaq ; Inupik
80.	Selkup | selkoupe | Selkupisch	ISO639-2 Languages	Authority		sel
	Selkup ; selkoupe ; Selkupisch
81.	Aragonese | aragonais | Aragonesisch	ISO639-2 Languages	Authority		arg
	Aragonese ; aragonais ; Aragonesisch
82.	Sichuan Yi |  Nuosu | yi de Sichuan | Lalo-Sprache	ISO639-2 Languages	Authority		iii
	Sichuan Yi ; Nuosu ; yi de Sichuan ; Lalo-Sprache
83.	Creoles and pidgins, French-based | créoles et pidgins basés sur le français | Kreolisch-Französisch (Andere)	ISO639-2 Languages	Authority		cpf
	Creoles and pidgins, French-based ; créoles et pidgins basés sur le français ; Kreolisch-Französisch (Andere)
84.	Norwegian | norvégien | Norwegisch	ISO639-2 Languages	Authority		nor
	Norwegian ; norvégien ; Norwegisch
85.	Efik | efik | Efik	ISO639-2 Languages	Authority		efi
	Efik ; efik ; Efik
86.	Otomian languages | otomi, langues | Otomangue-Sprachen	ISO639-2 Languages	Authority		oto
	Otomian languages ; otomi, langues ; Otomangue-Sprachen
87.	Classical Syriac | syriaque classique | Syrisch	ISO639-2 Languages	Authority		syc
	Classical Syriac ; syriaque classique ; Syrisch
88.	Haida | haida | Haida-Sprache	ISO639-2 Languages	Authority		hai
	Haida ; haida ; Haida-Sprache
89.	Papuan languages | papoues, langues | Papuasprachen (Andere)	ISO639-2 Languages	Authority		paa
	Papuan languages ; papoues, langues ; Papuasprachen (Andere)
90.	Mongolian | mongol | Mongolisch	ISO639-2 Languages	Authority		mon
	Mongolian ; mongol ; Mongolisch
91.	Kawi | kawi | Kawi	ISO639-2 Languages	Authority		kaw
	Kawi ; kawi ; Kawi
92.	Banda languages | banda, langues | Banda-Sprachen (Ubangi-Sprachen)	ISO639-2 Languages	Authority		bad
	Banda languages ; banda, langues ; Banda-Sprachen (Ubangi-Sprachen)
93.	Chamic languages | chames, langues | Cham-Sprachen	ISO639-2 Languages	Authority		cmc
	Chamic languages ; chames, langues ; Cham-Sprachen
94.	Lezghian | lezghien | Lesgisch	ISO639-2 Languages	Authority		lez
	Lezghian ; lezghien ; Lesgisch
95.	Tereno | tereno | Tereno-Sprache	ISO639-2 Languages	Authority		ter
	Tereno ; tereno ; Tereno-Sprache
96.	Low German |  Low Saxon |  German, Low |  Saxon, Low | bas allemand |  bas saxon |  allemand, bas |  saxon, bas | Niederdeutsch	ISO639-2 Languages	Authority		nds
	Low German ; Low Saxon ; German, Low ; Saxon, Low ; bas allemand ; bas saxon ; allemand, bas ; saxon, bas ; Niederdeutsch
97.	Danish | danois | Dänisch	ISO639-2 Languages	Authority		dan
	Danish ; danois ; Dänisch
98.	Lule Sami | sami de Lule | Lulesaamisch	ISO639-2 Languages	Authority		smj
	Lule Sami ; sami de Lule ; Lulesaamisch
99.	Guarani | guarani | Guaraní-Sprache	ISO639-2 Languages	Authority		grn
	Guarani ; guarani ; Guaraní-Sprache
100.	Sindhi | sindhi | Sindhi-Sprache	ISO639-2 Languages	Authority		snd
	Sindhi ; sindhi ; Sindhi-Sprache
101.	Wolaitta |  Wolaytta | wolaitta |  wolaytta | Walamo-Sprache	ISO639-2 Languages	Authority		wal
	Wolaitta ; Wolaytta ; wolaitta ; wolaytta ; Walamo-Sprache
102.	Azerbaijani | azéri | Aserbeidschanisch	ISO639-2 Languages	Authority		aze
	Azerbaijani ; azéri ; Aserbeidschanisch
103.	Iranian languages | iraniennes, langues | Iranische Sprachen (Andere)	ISO639-2 Languages	Authority		ira
	Iranian languages ; iraniennes, langues ; Iranische Sprachen (Andere)
104.	English | anglais | Englisch	ISO639-2 Languages	Authority		eng
	English ; anglais ; Englisch
105.	Volapük | volapük | Volapük	ISO639-2 Languages	Authority		vol
	Volapük ; volapük ; Volapük
106.	Burmese | birman | Birmanisch	ISO639-2 Languages	Authority		bur
	Burmese ; birman ; Birmanisch
107.	Kabyle | kabyle | Kabylisch	ISO639-2 Languages	Authority		kab
	Kabyle ; kabyle ; Kabylisch
108.	Neapolitan | napolitain | Neapel / Mundart	ISO639-2 Languages	Authority		nap
	Neapolitan ; napolitain ; Neapel / Mundart
109.	Mirandese | mirandais | Mirandesisch	ISO639-2 Languages	Authority		mwl
	Mirandese ; mirandais ; Mirandesisch
110.	Albanian | albanais | Albanisch	ISO639-2 Languages	Authority		sqi
	Albanian ; albanais ; Albanisch
111.	Luxembourgish |  Letzeburgesch | luxembourgeois | Luxemburgisch	ISO639-2 Languages	Authority		ltz
	Luxembourgish ; Letzeburgesch ; luxembourgeois ; Luxemburgisch
112.	Indonesian | indonésien | Bahasa Indonesia	ISO639-2 Languages	Authority		ind
	Indonesian ; indonésien ; Bahasa Indonesia
113.	Malayalam | malayalam | Malayalam	ISO639-2 Languages	Authority		mal
	Malayalam ; malayalam ; Malayalam
114.	Tetum | tetum | Tetum-Sprache	ISO639-2 Languages	Authority		tet
	Tetum ; tetum ; Tetum-Sprache
115.	Mongo | mongo | Mongo-Sprache	ISO639-2 Languages	Authority		lol
	Mongo ; mongo ; Mongo-Sprache
116.	Gbaya | gbaya | Gbaya-Sprache	ISO639-2 Languages	Authority		gba
	Gbaya ; gbaya ; Gbaya-Sprache
117.	Lojban | lojban | Lojban	ISO639-2 Languages	Authority		jbo
	Lojban ; lojban ; Lojban
118.	Lahnda | lahnda | Lahnda	ISO639-2 Languages	Authority		lah
	Lahnda ; lahnda ; Lahnda
119.	Aymara | aymara | Aymará-Sprache	ISO639-2 Languages	Authority		aym
	Aymara ; aymara ; Aymará-Sprache
120.	Coptic | copte | Koptisch	ISO639-2 Languages	Authority		cop
	Coptic ; copte ; Koptisch
121.	Chinook jargon | chinook, jargon | Chinook-Jargon	ISO639-2 Languages	Authority		chn
	Chinook jargon ; chinook, jargon ; Chinook-Jargon
122.	Icelandic | islandais | Isländisch	ISO639-2 Languages	Authority		ice
	Icelandic ; islandais ; Isländisch
123.	Ndebele, South |  South Ndebele | ndébélé du Sud | Ndebele-Sprache (Transvaal)	ISO639-2 Languages	Authority		nbl
	Ndebele, South ; South Ndebele ; ndébélé du Sud ; Ndebele-Sprache (Transvaal)
124.	Siouan languages | sioux, langues | Sioux-Sprachen (Andere)	ISO639-2 Languages	Authority		sio
	Siouan languages ; sioux, langues ; Sioux-Sprachen (Andere)
125.	Gwich'in | gwich'in | Kutchin-Sprache	ISO639-2 Languages	Authority		gwi
	Gwich'in ; gwich'in ; Kutchin-Sprache
126.	Sasak | sasak | Sasak	ISO639-2 Languages	Authority		sas
	Sasak ; sasak ; Sasak
127.	Mandingo | mandingue | Malinke-Sprache	ISO639-2 Languages	Authority		man
	Mandingo ; mandingue ; Malinke-Sprache
128.	Afrikaans | afrikaans | Afrikaans	ISO639-2 Languages	Authority		afr
	Afrikaans ; afrikaans ; Afrikaans
129.	Croatian | croate | Kroatisch	ISO639-2 Languages	Authority		hrv
	Croatian ; croate ; Kroatisch
130.	Dinka | dinka | Dinka-Sprache	ISO639-2 Languages	Authority		din
	Dinka ; dinka ; Dinka-Sprache
131.	Kurdish | kurde | Kurdisch	ISO639-2 Languages	Authority		kur
	Kurdish ; kurde ; Kurdisch
132.	Dargwa | dargwa | Darginisch	ISO639-2 Languages	Authority		dar
	Dargwa ; dargwa ; Darginisch
133.	No linguistic content |  Not applicable | pas de contenu linguistique |  non applicable | Kein linguistischer Inhalt	ISO639-2 Languages	Authority		zxx
	No linguistic content ; Not applicable ; pas de contenu linguistique ; non applicable ; Kein linguistischer Inhalt
134.	Inari Sami | sami d'Inari | Inarisaamisch	ISO639-2 Languages	Authority		smn
	Inari Sami ; sami d'Inari ; Inarisaamisch
135.	Cornish | cornique | Kornisch	ISO639-2 Languages	Authority		cor
	Cornish ; cornique ; Kornisch
136.	Armenian | arménien | Armenisch	ISO639-2 Languages	Authority		arm
	Armenian ; arménien ; Armenisch
137.	Pushto |  Pashto | pachto | Paschtu	ISO639-2 Languages	Authority		pus
	Pushto ; Pashto ; pachto ; Paschtu
138.	Manchu | mandchou | Mandschurisch	ISO639-2 Languages	Authority		mnc
	Manchu ; mandchou ; Mandschurisch
139.	Chipewyan |  Dene Suline | chipewyan | Chipewyan-Sprache	ISO639-2 Languages	Authority		chp
	Chipewyan ; Dene Suline ; chipewyan ; Chipewyan-Sprache
140.	Akkadian | akkadien | Akkadisch	ISO639-2 Languages	Authority		akk
	Akkadian ; akkadien ; Akkadisch
141.	Irish, Middle (900-1200) | irlandais moyen (900-1200) | Mittelirisch	ISO639-2 Languages	Authority		mga
	Irish, Middle (900-1200) ; irlandais moyen (900-1200) ; Mittelirisch
142.	Aleut | aléoute | Aleutisch	ISO639-2 Languages	Authority		ale
	Aleut ; aléoute ; Aleutisch
143.	Bantu languages | bantou, langues | Bantusprachen (Andere)	ISO639-2 Languages	Authority		bnt
	Bantu languages ; bantou, langues ; Bantusprachen (Andere)
144.	Luba-Lulua | luba-lulua | Lulua-Sprache	ISO639-2 Languages	Authority		lua
	Luba-Lulua ; luba-lulua ; Lulua-Sprache
145.	Philippine languages | philippines, langues | Philippinisch-Austronesisch (Andere)	ISO639-2 Languages	Authority		phi
	Philippine languages ; philippines, langues ; Philippinisch-Austronesisch (Andere)
146.	Pangasinan | pangasinan | Pangasinan-Sprache	ISO639-2 Languages	Authority		pag
	Pangasinan ; pangasinan ; Pangasinan-Sprache
147.	Kru languages | krou, langues | Kru-Sprachen (Andere)	ISO639-2 Languages	Authority		kro
	Kru languages ; krou, langues ; Kru-Sprachen (Andere)
148.	Nilo-Saharan languages | nilo-sahariennes, langues | Nilosaharanische Sprachen (Andere)	ISO639-2 Languages	Authority		ssa
	Nilo-Saharan languages ; nilo-sahariennes, langues ; Nilosaharanische Sprachen (Andere)
149.	Angika | angika | Anga-Sprache	ISO639-2 Languages	Authority		anp
	Angika ; angika ; Anga-Sprache
150.	Ingush | ingouche | Inguschisch	ISO639-2 Languages	Authority		inh
	Ingush ; ingouche ; Inguschisch
151.	Tupi languages | tupi, langues | Tupi-Sprache	ISO639-2 Languages	Authority		tup
	Tupi languages ; tupi, langues ; Tupi-Sprache
152.	Austronesian languages | austronésiennes, langues | Austronesische Sprachen (Andere)	ISO639-2 Languages	Authority		map
	Austronesian languages ; austronésiennes, langues ; Austronesische Sprachen (Andere)
153.	Tagalog | tagalog | Tagalog	ISO639-2 Languages	Authority		tgl
	Tagalog ; tagalog ; Tagalog
154.	Kutenai | kutenai | Kutenai-Sprache	ISO639-2 Languages	Authority		kut
	Kutenai ; kutenai ; Kutenai-Sprache
155.	Slovenian | slovène | Slowenisch	ISO639-2 Languages	Authority		slv
	Slovenian ; slovène ; Slowenisch
156.	Buriat | bouriate | Burjatisch	ISO639-2 Languages	Authority		bua
	Buriat ; bouriate ; Burjatisch
157.	Waray | waray | Waray	ISO639-2 Languages	Authority		war
	Waray ; waray ; Waray
158.	Udmurt | oudmourte | Udmurtisch	ISO639-2 Languages	Authority		udm
	Udmurt ; oudmourte ; Udmurtisch
159.	English, Middle (1100-1500) | anglais moyen (1100-1500) | Mittelenglisch	ISO639-2 Languages	Authority		enm
	English, Middle (1100-1500) ; anglais moyen (1100-1500) ; Mittelenglisch
160.	Cherokee | cherokee | Cherokee-Sprache	ISO639-2 Languages	Authority		chr
	Cherokee ; cherokee ; Cherokee-Sprache
161.	Igbo | igbo | Ibo-Sprache	ISO639-2 Languages	Authority		ibo
	Igbo ; igbo ; Ibo-Sprache
162.	Algonquian languages | algonquines, langues | Algonkin-Sprachen (Andere)	ISO639-2 Languages	Authority		alg
	Algonquian languages ; algonquines, langues ; Algonkin-Sprachen (Andere)
163.	Armenian | arménien | Armenisch	ISO639-2 Languages	Authority		hye
	Armenian ; arménien ; Armenisch
164.	Navajo |  Navaho | navaho | Navajo-Sprache	ISO639-2 Languages	Authority		nav
	Navajo ; Navaho ; navaho ; Navajo-Sprache
165.	Himachali languages |  Western Pahari languages | langues himachalis |  langues paharis occidentales | Himachali	ISO639-2 Languages	Authority		him
	Himachali languages ; Western Pahari languages ; langues himachalis ; langues paharis occidentales ; Himachali
166.	Marwari | marvari | Marwari	ISO639-2 Languages	Authority		mwr
	Marwari ; marvari ; Marwari
167.	Bihari languages | langues biharis | Bihari (Andere)	ISO639-2 Languages	Authority		bih
	Bihari languages ; langues biharis ; Bihari (Andere)
168.	Baluchi | baloutchi | Belutschisch	ISO639-2 Languages	Authority		bal
	Baluchi ; baloutchi ; Belutschisch
169.	Minangkabau | minangkabau | Minangkabau-Sprache	ISO639-2 Languages	Authority		min
	Minangkabau ; minangkabau ; Minangkabau-Sprache
170.	Turkish | turc | Türkisch	ISO639-2 Languages	Authority		tur
	Turkish ; turc ; Türkisch
171.	Marathi | marathe | Marathi	ISO639-2 Languages	Authority		mar
	Marathi ; marathe ; Marathi
172.	Slavic languages | slaves, langues | Slawische Sprachen (Andere)	ISO639-2 Languages	Authority		sla
	Slavic languages ; slaves, langues ; Slawische Sprachen (Andere)
173.	Tuvalu | tuvalu | Elliceanisch	ISO639-2 Languages	Authority		tvl
	Tuvalu ; tuvalu ; Elliceanisch
174.	Tibetan | tibétain | Tibetisch	ISO639-2 Languages	Authority		tib
	Tibetan ; tibétain ; Tibetisch
175.	Sundanese | soundanais | Sundanesisch	ISO639-2 Languages	Authority		sun
	Sundanese ; soundanais ; Sundanesisch
176.	Lower Sorbian | bas-sorabe | Niedersorbisch	ISO639-2 Languages	Authority		dsb
	Lower Sorbian ; bas-sorabe ; Niedersorbisch
177.	Kongo | kongo | Kongo-Sprache	ISO639-2 Languages	Authority		kon
	Kongo ; kongo ; Kongo-Sprache
178.	Creoles and pidgins, Portuguese-based | créoles et pidgins basés sur le portugais | Kreolisch-Portugiesisch (Andere)	ISO639-2 Languages	Authority		cpp
	Creoles and pidgins, Portuguese-based ; créoles et pidgins basés sur le portugais ; Kreolisch-Portugiesisch (Andere)
179.	Ewe | éwé | Ewe-Sprache	ISO639-2 Languages	Authority		ewe
	Ewe ; éwé ; Ewe-Sprache
180.	Votic | vote | Wotisch	ISO639-2 Languages	Authority		vot
	Votic ; vote ; Wotisch
181.	German, Middle High (ca.1050-1500) | allemand, moyen haut (ca. 1050-1500) | Mittelhochdeutsch	ISO639-2 Languages	Authority		gmh
	German, Middle High (ca.1050-1500) ; allemand, moyen haut (ca. 1050-1500) ; Mittelhochdeutsch
182.	Galibi Carib | karib |  galibi |  carib | Karibische Sprachen	ISO639-2 Languages	Authority		car
	Galibi Carib ; karib ; galibi ; carib ; Karibische Sprachen
183.	Tsimshian | tsimshian | Tsimshian-Sprache	ISO639-2 Languages	Authority		tsi
	Tsimshian ; tsimshian ; Tsimshian-Sprache
184.	Northern Frisian | frison septentrional | Nordfriesisch	ISO639-2 Languages	Authority		frr
	Northern Frisian ; frison septentrional ; Nordfriesisch
185.	Kabardian | kabardien | Kabardinisch	ISO639-2 Languages	Authority		kbd
	Kabardian ; kabardien ; Kabardinisch
186.	Dutch, Middle (ca.1050-1350) | néerlandais moyen (ca. 1050-1350) | Mittelniederländisch	ISO639-2 Languages	Authority		dum
	Dutch, Middle (ca.1050-1350) ; néerlandais moyen (ca. 1050-1350) ; Mittelniederländisch
187.	Afro-Asiatic languages | afro-asiatiques, langues | Hamitosemitische Sprachen (Andere)	ISO639-2 Languages	Authority		afa
	Afro-Asiatic languages ; afro-asiatiques, langues ; Hamitosemitische Sprachen (Andere)
188.	German | allemand | Deutsch	ISO639-2 Languages	Authority		deu
	German ; allemand ; Deutsch
189.	Balinese | balinais | Balinesisch	ISO639-2 Languages	Authority		ban
	Balinese ; balinais ; Balinesisch
190.	Altaic languages | altaïques, langues | Altaische Sprachen (Andere)	ISO639-2 Languages	Authority		tut
	Altaic languages ; altaïques, langues ; Altaische Sprachen (Andere)
191.	Kuanyama |  Kwanyama | kuanyama |  kwanyama | Kwanyama-Sprache	ISO639-2 Languages	Authority		kua
	Kuanyama ; Kwanyama ; kuanyama ; kwanyama ; Kwanyama-Sprache
192.	Macedonian | macédonien | Makedonisch	ISO639-2 Languages	Authority		mkd
	Macedonian ; macédonien ; Makedonisch
193.	Chinese | chinois | Chinesisch	ISO639-2 Languages	Authority		zho
	Chinese ; chinois ; Chinesisch
194.	Nepal Bhasa |  Newari | nepal bhasa |  newari | Newari	ISO639-2 Languages	Authority		new
	Nepal Bhasa ; Newari ; nepal bhasa ; newari ; Newari
195.	Classical Newari |  Old Newari |  Classical Nepal Bhasa | newari classique | Alt-Newari	ISO639-2 Languages	Authority		nwc
	Classical Newari ; Old Newari ; Classical Nepal Bhasa ; newari classique ; Alt-Newari
196.	Nogai | nogaï |  nogay | Nogaisch	ISO639-2 Languages	Authority		nog
	Nogai ; nogaï ; nogay ; Nogaisch
197.	Hmong |  Mong | hmong | Miao-Sprachen	ISO639-2 Languages	Authority		hmn
	Hmong ; Mong ; hmong ; Miao-Sprachen
198.	Batak languages | batak, langues | Batak-Sprache	ISO639-2 Languages	Authority		btk
	Batak languages ; batak, langues ; Batak-Sprache
199.	Herero | herero | Herero-Sprache	ISO639-2 Languages	Authority		her
	Herero ; herero ; Herero-Sprache
200.	Tahitian | tahitien | Tahitisch	ISO639-2 Languages	Authority		tah
	Tahitian ; tahitien ; Tahitisch
201.	Bemba | bemba | Bemba-Sprache	ISO639-2 Languages	Authority		bem
	Bemba ; bemba ; Bemba-Sprache
202.	Basque | basque | Baskisch	ISO639-2 Languages	Authority		eus
	Basque ; basque ; Baskisch
203.	Manipuri | manipuri | Meithei-Sprache	ISO639-2 Languages	Authority		mni
	Manipuri ; manipuri ; Meithei-Sprache
204.	Assamese | assamais | Assamesisch	ISO639-2 Languages	Authority		asm
	Assamese ; assamais ; Assamesisch
205.	Ijo languages | ijo, langues | Ijo-Sprache	ISO639-2 Languages	Authority		ijo
	Ijo languages ; ijo, langues ; Ijo-Sprache
206.	Chuvash | tchouvache | Tschuwaschisch	ISO639-2 Languages	Authority		chv
	Chuvash ; tchouvache ; Tschuwaschisch
207.	Nyankole | nyankolé | Nkole-Sprache	ISO639-2 Languages	Authority		nyn
	Nyankole ; nyankolé ; Nkole-Sprache
208.	Catalan |  Valencian | catalan |  valencien | Katalanisch	ISO639-2 Languages	Authority		cat
	Catalan ; Valencian ; catalan ; valencien ; Katalanisch
209.	Kalaallisut |  Greenlandic | groenlandais | Grönländisch	ISO639-2 Languages	Authority		kal
	Kalaallisut ; Greenlandic ; groenlandais ; Grönländisch
210.	Sandawe | sandawe | Sandawe-Sprache	ISO639-2 Languages	Authority		sad
	Sandawe ; sandawe ; Sandawe-Sprache
211.	Ganda | ganda | Ganda-Sprache	ISO639-2 Languages	Authority		lug
	Ganda ; ganda ; Ganda-Sprache
212.	Tlingit | tlingit | Tlingit-Sprache	ISO639-2 Languages	Authority		tli
	Tlingit ; tlingit ; Tlingit-Sprache
213.	Hausa | haoussa | Haussa-Sprache	ISO639-2 Languages	Authority		hau
	Hausa ; haoussa ; Haussa-Sprache
214.	Dutch |  Flemish | néerlandais |  flamand | Niederländisch	ISO639-2 Languages	Authority		nld
	Dutch ; Flemish ; néerlandais ; flamand ; Niederländisch
215.	Pampanga |  Kapampangan | pampangan | Pampanggan-Sprache	ISO639-2 Languages	Authority		pam
	Pampanga ; Kapampangan ; pampangan ; Pampanggan-Sprache
216.	Kurukh | kurukh | Oraon-Sprache	ISO639-2 Languages	Authority		kru
	Kurukh ; kurukh ; Oraon-Sprache
217.	Scots | écossais | Schottisch	ISO639-2 Languages	Authority		sco
	Scots ; écossais ; Schottisch
218.	Greek, Ancient (to 1453) | grec ancien (jusqu'à 1453) | Griechisch	ISO639-2 Languages	Authority		grc
	Greek, Ancient (to 1453) ; grec ancien (jusqu'à 1453) ; Griechisch
219.	Czech | tchèque | Tschechisch	ISO639-2 Languages	Authority		ces
	Czech ; tchèque ; Tschechisch
220.	Tonga (Tonga Islands) | tongan (Îles Tonga) | Tongaisch	ISO639-2 Languages	Authority		ton
	Tonga (Tonga Islands) ; tongan (Îles Tonga) ; Tongaisch
221.	Norwegian Nynorsk |  Nynorsk, Norwegian | norvégien nynorsk |  nynorsk, norvégien | Nynorsk	ISO639-2 Languages	Authority		nno
	Norwegian Nynorsk ; Nynorsk, Norwegian ; norvégien nynorsk ; nynorsk, norvégien ; Nynorsk
222.	Chamorro | chamorro | Chamorro-Sprache	ISO639-2 Languages	Authority		cha
	Chamorro ; chamorro ; Chamorro-Sprache
223.	Divehi |  Dhivehi |  Maldivian | maldivien | Maledivisch	ISO639-2 Languages	Authority		div
	Divehi ; Dhivehi ; Maldivian ; maldivien ; Maledivisch
224.	Lingala | lingala | Lingala	ISO639-2 Languages	Authority		lin
	Lingala ; lingala ; Lingala
225.	Buginese | bugi | Bugi-Sprache	ISO639-2 Languages	Authority		bug
	Buginese ; bugi ; Bugi-Sprache
226.	Nias | nias | Nias-Sprache	ISO639-2 Languages	Authority		nia
	Nias ; nias ; Nias-Sprache
227.	Korean | coréen | Koreanisch	ISO639-2 Languages	Authority		kor
	Korean ; coréen ; Koreanisch
228.	Sign Languages | langues des signes | Zeichensprachen	ISO639-2 Languages	Authority		sgn
	Sign Languages ; langues des signes ; Zeichensprachen
229.	Italian | italien | Italienisch	ISO639-2 Languages	Authority		ita
	Italian ; italien ; Italienisch
230.	Crimean Tatar |  Crimean Turkish | tatar de Crimé | Krimtatarisch	ISO639-2 Languages	Authority		crh
	Crimean Tatar ; Crimean Turkish ; tatar de Crimé ; Krimtatarisch
231.	Ugaritic | ougaritique | Ugaritisch	ISO639-2 Languages	Authority		uga
	Ugaritic ; ougaritique ; Ugaritisch
232.	Rundi | rundi | Rundi-Sprache	ISO639-2 Languages	Authority		run
	Rundi ; rundi ; Rundi-Sprache
233.	Interlingue |  Occidental | interlingue | Interlingue	ISO639-2 Languages	Authority		ile
	Interlingue ; Occidental ; interlingue ; Interlingue
234.	Kannada | kannada | Kannada	ISO639-2 Languages	Authority		kan
	Kannada ; kannada ; Kannada
235.	Kashubian | kachoube | Kaschubisch	ISO639-2 Languages	Authority		csb
	Kashubian ; kachoube ; Kaschubisch
236.	Zenaga | zenaga | Zenaga	ISO639-2 Languages	Authority		zen
	Zenaga ; zenaga ; Zenaga
237.	Zande languages | zandé, langues | Zande-Sprachen	ISO639-2 Languages	Authority		znd
	Zande languages ; zandé, langues ; Zande-Sprachen
238.	Luiseno | luiseno | Luiseño-Sprache	ISO639-2 Languages	Authority		lui
	Luiseno ; luiseno ; Luiseño-Sprache
239.	Prakrit languages | prâkrit, langues | Prakrit	ISO639-2 Languages	Authority		pra
	Prakrit languages ; prâkrit, langues ; Prakrit
240.	Hawaiian | hawaïen | Hawaiisch	ISO639-2 Languages	Authority		haw
	Hawaiian ; hawaïen ; Hawaiisch
241.	Dogri | dogri | Dogri	ISO639-2 Languages	Authority		doi
	Dogri ; dogri ; Dogri
242.	Bini |  Edo | bini |  edo | Edo-Sprache	ISO639-2 Languages	Authority		bin
	Bini ; Edo ; bini ; edo ; Edo-Sprache
243.	Southern Sami | sami du Sud | Südsaamisch	ISO639-2 Languages	Authority		sma
	Southern Sami ; sami du Sud ; Südsaamisch
244.	Mon-Khmer languages | môn-khmer, langues | Mon-Khmer-Sprachen (Andere)	ISO639-2 Languages	Authority		mkh
	Mon-Khmer languages ; môn-khmer, langues ; Mon-Khmer-Sprachen (Andere)
245.	Greek, Modern (1453-) | grec moderne (après 1453) | Neugriechisch	ISO639-2 Languages	Authority		gre
	Greek, Modern (1453-) ; grec moderne (après 1453) ; Neugriechisch
246.	Reserved for local use | réservée à l'usage local | Reserviert für lokale Verwendung	ISO639-2 Languages	Authority		qaa-qtz
	Reserved for local use ; réservée à l'usage local ; Reserviert für lokale Verwendung
247.	Moksha | moksa | Mokscha-Sprache	ISO639-2 Languages	Authority		mdf
	Moksha ; moksa ; Mokscha-Sprache
248.	Hungarian | hongrois | Ungarisch	ISO639-2 Languages	Authority		hun
	Hungarian ; hongrois ; Ungarisch
249.	Latin | latin | Latein	ISO639-2 Languages	Authority		lat
	Latin ; latin ; Latein
250.	French | français | Französisch	ISO639-2 Languages	Authority		fra
	French ; français ; Französisch
251.	Niger-Kordofanian languages | nigéro-kordofaniennes, langues | Nigerkordofanische Sprachen (Andere)	ISO639-2 Languages	Authority		nic
	Niger-Kordofanian languages ; nigéro-kordofaniennes, langues ; Nigerkordofanische Sprachen (Andere)
252.	Yupik languages | yupik, langues | Ypik-Sprachen	ISO639-2 Languages	Authority		ypk
	Yupik languages ; yupik, langues ; Ypik-Sprachen
253.	Faroese | féroïen | Färöisch	ISO639-2 Languages	Authority		fao
	Faroese ; féroïen ; Färöisch
254.	Arawak | arawak | Arawak-Sprachen	ISO639-2 Languages	Authority		arw
	Arawak ; arawak ; Arawak-Sprachen
255.	Iroquoian languages | iroquoises, langues | Irokesische Sprachen	ISO639-2 Languages	Authority		iro
	Iroquoian languages ; iroquoises, langues ; Irokesische Sprachen
256.	Gujarati | goudjrati | Gujarati-Sprache	ISO639-2 Languages	Authority		guj
	Gujarati ; goudjrati ; Gujarati-Sprache
257.	Sidamo | sidamo | Sidamo-Sprache	ISO639-2 Languages	Authority		sid
	Sidamo ; sidamo ; Sidamo-Sprache
258.	German | allemand | Deutsch	ISO639-2 Languages	Authority		ger
	German ; allemand ; Deutsch
259.	Aromanian |  Arumanian |  Macedo-Romanian | aroumain |  macédo-roumain | Aromunisch	ISO639-2 Languages	Authority		rup
	Aromanian ; Arumanian ; Macedo-Romanian ; aroumain ; macédo-roumain ; Aromunisch
260.	Tsonga | tsonga | Tsonga-Sprache	ISO639-2 Languages	Authority		tso
	Tsonga ; tsonga ; Tsonga-Sprache
261.	Yakut | iakoute | Jakutisch	ISO639-2 Languages	Authority		sah
	Yakut ; iakoute ; Jakutisch
262.	Macedonian | macédonien | Makedonisch	ISO639-2 Languages	Authority		mac
	Macedonian ; macédonien ; Makedonisch
263.	Romansh | romanche | Rätoromanisch	ISO639-2 Languages	Authority		roh
	Romansh ; romanche ; Rätoromanisch
264.	Mayan languages | maya, langues | Maya-Sprachen	ISO639-2 Languages	Authority		myn
	Mayan languages ; maya, langues ; Maya-Sprachen
265.	Baltic languages | baltes, langues | Baltische Sprachen (Andere)	ISO639-2 Languages	Authority		bat
	Baltic languages ; baltes, langues ; Baltische Sprachen (Andere)
266.	Urdu | ourdou | Urdu	ISO639-2 Languages	Authority		urd
	Urdu ; ourdou ; Urdu
267.	Greek, Modern (1453-) | grec moderne (après 1453) | Neugriechisch	ISO639-2 Languages	Authority		ell
	Greek, Modern (1453-) ; grec moderne (après 1453) ; Neugriechisch
268.	Lozi | lozi | Rotse-Sprache	ISO639-2 Languages	Authority		loz
	Lozi ; lozi ; Rotse-Sprache
269.	Zaza |  Dimili |  Dimli |  Kirdki |  Kirmanjki |  Zazaki | zaza |  dimili |  dimli |  kirdki |  kirmanjki |  zazaki | Zazaki	ISO639-2 Languages	Authority		zza
	Zaza ; Dimili ; Dimli ; Kirdki ; Kirmanjki ; Zazaki ; zaza ; dimili ; dimli ; kirdki ; kirmanjki ; zazaki ; Zazaki
270.	Hupa | hupa | Hupa-Sprache	ISO639-2 Languages	Authority		hup
	Hupa ; hupa ; Hupa-Sprache
271.	Chechen | tchétchène | Tschetschenisch	ISO639-2 Languages	Authority		che
	Chechen ; tchétchène ; Tschetschenisch
272.	Latvian | letton | Lettisch	ISO639-2 Languages	Authority		lav
	Latvian ; letton ; Lettisch
273.	North American Indian languages | nord-amérindiennes, langues | Indianersprachen, Nordamerika (Andere)	ISO639-2 Languages	Authority		nai
	North American Indian languages ; nord-amérindiennes, langues ; Indianersprachen, Nordamerika (Andere)
274.	Songhai languages | songhai, langues | Songhai-Sprache	ISO639-2 Languages	Authority		son
	Songhai languages ; songhai, langues ; Songhai-Sprache
275.	Manobo languages | manobo, langues | Manobo-Sprachen	ISO639-2 Languages	Authority		mno
	Manobo languages ; manobo, langues ; Manobo-Sprachen
276.	Manx | manx |  mannois | Manx	ISO639-2 Languages	Authority		glv
	Manx ; manx ; mannois ; Manx
277.	Yao | yao | Yao-Sprache (Bantusprache)	ISO639-2 Languages	Authority		yao
	Yao ; yao ; Yao-Sprache (Bantusprache)
278.	Kinyarwanda | rwanda | Rwanda-Sprache	ISO639-2 Languages	Authority		kin
	Kinyarwanda ; rwanda ; Rwanda-Sprache
279.	Karen languages | karen, langues | Karenisch	ISO639-2 Languages	Authority		kar
	Karen languages ; karen, langues ; Karenisch
280.	Avaric | avar | Awarisch	ISO639-2 Languages	Authority		ava
	Avaric ; avar ; Awarisch
281.	Timne | temne | Temne-Sprache	ISO639-2 Languages	Authority		tem
	Timne ; temne ; Temne-Sprache
282.	Cebuano | cebuano | Cebuano	ISO639-2 Languages	Authority		ceb
	Cebuano ; cebuano ; Cebuano
283.	Uzbek | ouszbek | Usbekisch	ISO639-2 Languages	Authority		uzb
	Uzbek ; ouszbek ; Usbekisch
284.	Slovak | slovaque | Slowakisch	ISO639-2 Languages	Authority		slk
	Slovak ; slovaque ; Slowakisch
285.	Northern Sami | sami du Nord | Nordsaamisch	ISO639-2 Languages	Authority		sme
	Northern Sami ; sami du Nord ; Nordsaamisch
286.	Ainu | aïnou | Ainu-Sprache	ISO639-2 Languages	Authority		ain
	Ainu ; aïnou ; Ainu-Sprache
287.	Afar | afar | Danakil-Sprache	ISO639-2 Languages	Authority		aar
	Afar ; afar ; Danakil-Sprache
288.	Gaelic |  Scottish Gaelic | gaélique |  gaélique écossais | Gälisch-Schottisch	ISO639-2 Languages	Authority		gla
	Gaelic ; Scottish Gaelic ; gaélique ; gaélique écossais ; Gälisch-Schottisch
289.	Chagatai | djaghataï | Tschagataisch	ISO639-2 Languages	Authority		chg
	Chagatai ; djaghataï ; Tschagataisch
290.	Lithuanian | lituanien | Litauisch	ISO639-2 Languages	Authority		lit
	Lithuanian ; lituanien ; Litauisch
291.	Persian | persan | Persisch	ISO639-2 Languages	Authority		per
	Persian ; persan ; Persisch
292.	Sumerian | sumérien | Sumerisch	ISO639-2 Languages	Authority		sux
	Sumerian ; sumérien ; Sumerisch
293.	French | français | Französisch	ISO639-2 Languages	Authority		fre
	French ; français ; Französisch
294.	Creek | muskogee | Muskogisch	ISO639-2 Languages	Authority		mus
	Creek ; muskogee ; Muskogisch
295.	Persian | persan | Persisch	ISO639-2 Languages	Authority		fas
	Persian ; persan ; Persisch
296.	Ewondo | éwondo | Ewondo	ISO639-2 Languages	Authority		ewo
	Ewondo ; éwondo ; Ewondo
297.	Shan | chan | Schan-Sprache	ISO639-2 Languages	Authority		shn
	Shan ; chan ; Schan-Sprache
298.	Zulu | zoulou | Zulu-Sprache	ISO639-2 Languages	Authority		zul
	Zulu ; zoulou ; Zulu-Sprache
299.	Georgian | géorgien | Georgisch	ISO639-2 Languages	Authority		kat
	Georgian ; géorgien ; Georgisch
300.	Salishan languages | salishennes, langues | Salish-Sprache	ISO639-2 Languages	Authority		sal
	Salishan languages ; salishennes, langues ; Salish-Sprache
301.	Ido | ido | Ido	ISO639-2 Languages	Authority		ido
	Ido ; ido ; Ido
302.	Mi'kmaq |  Micmac | mi'kmaq |  micmac | Micmac-Sprache	ISO639-2 Languages	Authority		mic
	Mi'kmaq ; Micmac ; mi'kmaq ; micmac ; Micmac-Sprache
303.	English, Old (ca.450-1100) | anglo-saxon (ca.450-1100) | Altenglisch	ISO639-2 Languages	Authority		ang
	English, Old (ca.450-1100) ; anglo-saxon (ca.450-1100) ; Altenglisch
304.	Luo (Kenya and Tanzania) | luo (Kenya et Tanzanie) | Luo-Sprache	ISO639-2 Languages	Authority		luo
	Luo (Kenya and Tanzania) ; luo (Kenya et Tanzanie) ; Luo-Sprache
305.	Magahi | magahi | Khotta	ISO639-2 Languages	Authority		mag
	Magahi ; magahi ; Khotta
306.	Xhosa | xhosa | Xhosa-Sprache	ISO639-2 Languages	Authority		xho
	Xhosa ; xhosa ; Xhosa-Sprache
307.	Japanese | japonais | Japanisch	ISO639-2 Languages	Authority		jpn
	Japanese ; japonais ; Japanisch
308.	Standard Moroccan Tamazight | amazighe standard marocain	ISO639-2 Languages	Authority		zgh
	Standard Moroccan Tamazight ; amazighe standard marocain
309.	Palauan | palau | Palau-Sprache	ISO639-2 Languages	Authority		pau
	Palauan ; palau ; Palau-Sprache
310.	Nubian languages | nubiennes, langues | Nubische Sprachen	ISO639-2 Languages	Authority		nub
	Nubian languages ; nubiennes, langues ; Nubische Sprachen
311.	Judeo-Arabic | judéo-arabe | Jüdisch-Arabisch	ISO639-2 Languages	Authority		jrb
	Judeo-Arabic ; judéo-arabe ; Jüdisch-Arabisch
312.	Cushitic languages | couchitiques,  langues | Kuschitische Sprachen (Andere)	ISO639-2 Languages	Authority		cus
	Cushitic languages ; couchitiques,  langues ; Kuschitische Sprachen (Andere)
313.	Dakota | dakota | Dakota-Sprache	ISO639-2 Languages	Authority		dak
	Dakota ; dakota ; Dakota-Sprache
314.	Gayo | gayo | Gayo-Sprache	ISO639-2 Languages	Authority		gay
	Gayo ; gayo ; Gayo-Sprache
315.	Shona | shona | Schona-Sprache	ISO639-2 Languages	Authority		sna
	Shona ; shona ; Schona-Sprache
316.	Creoles and pidgins, English based | créoles et pidgins basés sur l'anglais | Kreolisch-Englisch (Andere)	ISO639-2 Languages	Authority		cpe
	Creoles and pidgins, English based ; créoles et pidgins basés sur l'anglais ; Kreolisch-Englisch (Andere)
317.	Chinese | chinois | Chinesisch	ISO639-2 Languages	Authority		chi
	Chinese ; chinois ; Chinesisch
318.	Khasi | khasi | Khasi-Sprache	ISO639-2 Languages	Authority		kha
	Khasi ; khasi ; Khasi-Sprache
319.	Chichewa |  Chewa |  Nyanja | chichewa |  chewa |  nyanja | Nyanja-Sprache	ISO639-2 Languages	Authority		nya
	Chichewa ; Chewa ; Nyanja ; chichewa ; chewa ; nyanja ; Nyanja-Sprache
320.	Acoli | acoli | Acholi-Sprache	ISO639-2 Languages	Authority		ach
	Acoli ; acoli ; Acholi-Sprache
321.	Creoles and pidgins | créoles et pidgins | Kreolische Sprachen |  Pidginsprachen (Andere)	ISO639-2 Languages	Authority		crp
	Creoles and pidgins ; créoles et pidgins ; Kreolische Sprachen ; Pidginsprachen (Andere)
322.	Kirghiz |  Kyrgyz | kirghiz | Kirgisisch	ISO639-2 Languages	Authority		kir
	Kirghiz ; Kyrgyz ; kirghiz ; Kirgisisch
323.	Egyptian (Ancient) | égyptien | Ägyptisch	ISO639-2 Languages	Authority		egy
	Egyptian (Ancient) ; égyptien ; Ägyptisch
324.	Esperanto | espéranto | Esperanto	ISO639-2 Languages	Authority		epo
	Esperanto ; espéranto ; Esperanto
325.	Zuni | zuni | Zuñi-Sprache	ISO639-2 Languages	Authority		zun
	Zuni ; zuni ; Zuñi-Sprache
326.	Sanskrit | sanskrit | Sanskrit	ISO639-2 Languages	Authority		san
	Sanskrit ; sanskrit ; Sanskrit
327.	Adyghe |  Adygei | adyghé | Adygisch	ISO639-2 Languages	Authority		ady
	Adyghe ; Adygei ; adyghé ; Adygisch
328.	German, Old High (ca.750-1050) | allemand, vieux haut (ca. 750-1050) | Althochdeutsch	ISO639-2 Languages	Authority		goh
	German, Old High (ca.750-1050) ; allemand, vieux haut (ca. 750-1050) ; Althochdeutsch
329.	Avestan | avestique | Avestisch	ISO639-2 Languages	Authority		ave
	Avestan ; avestique ; Avestisch
330.	Interlingua (International Auxiliary Language Association) | interlingua (langue auxiliaire internationale) | Interlingua	ISO639-2 Languages	Authority		ina
	Interlingua (International Auxiliary Language Association) ; interlingua (langue auxiliaire internationale) ; Interlingua
331.	Maithili | maithili | Maithili	ISO639-2 Languages	Authority		mai
	Maithili ; maithili ; Maithili
332.	Romanian |  Moldavian |  Moldovan | roumain |  moldave | Rumänisch	ISO639-2 Languages	Authority		ron
	Romanian ; Moldavian ; Moldovan ; roumain ; moldave ; Rumänisch
333.	Ekajuk | ekajuk | Ekajuk	ISO639-2 Languages	Authority		eka
	Ekajuk ; ekajuk ; Ekajuk
334.	Blin |  Bilin | blin |  bilen | Bilin-Sprache	ISO639-2 Languages	Authority		byn
	Blin ; Bilin ; blin ; bilen ; Bilin-Sprache
335.	Fulah | peul | Ful	ISO639-2 Languages	Authority		ful
	Fulah ; peul ; Ful
336.	Rajasthani | rajasthani | Rajasthani	ISO639-2 Languages	Authority		raj
	Rajasthani ; rajasthani ; Rajasthani
337.	Kumyk | koumyk | Kumükisch	ISO639-2 Languages	Authority		kum
	Kumyk ; koumyk ; Kumükisch
338.	Slovak | slovaque | Slowakisch	ISO639-2 Languages	Authority		slo
	Slovak ; slovaque ; Slowakisch
339.	Estonian | estonien | Estnisch	ISO639-2 Languages	Authority		est
	Estonian ; estonien ; Estnisch
340.	Sami languages | sames, langues | Saamisch	ISO639-2 Languages	Authority		smi
	Sami languages ; sames, langues ; Saamisch
341.	Semitic languages | sémitiques, langues | Semitische Sprachen (Andere)	ISO639-2 Languages	Authority		sem
	Semitic languages ; sémitiques, langues ; Semitische Sprachen (Andere)
342.	Ojibwa | ojibwa | Ojibwa-Sprache	ISO639-2 Languages	Authority		oji
	Ojibwa ; ojibwa ; Ojibwa-Sprache
343.	Wakashan languages | wakashanes, langues | Wakash-Sprachen	ISO639-2 Languages	Authority		wak
	Wakashan languages ; wakashanes, langues ; Wakash-Sprachen
344.	Irish, Old (to 900) | irlandais ancien (jusqu'à 900) | Altirisch	ISO639-2 Languages	Authority		sga
	Irish, Old (to 900) ; irlandais ancien (jusqu'à 900) ; Altirisch
345.	Irish | irlandais | Irisch	ISO639-2 Languages	Authority		gle
	Irish ; irlandais ; Irisch
346.	Chuukese | chuuk | Trukesisch	ISO639-2 Languages	Authority		chk
	Chuukese ; chuuk ; Trukesisch
347.	Tatar | tatar | Tatarisch	ISO639-2 Languages	Authority		tat
	Tatar ; tatar ; Tatarisch
348.	Central American Indian languages | amérindiennes de l'Amérique centrale,  langues | Indianersprachen, Zentralamerika (Andere)	ISO639-2 Languages	Authority		cai
	Central American Indian languages ; amérindiennes de l'Amérique centrale,  langues ; Indianersprachen, Zentralamerika (Andere)
349.	Kara-Kalpak | karakalpak | Karakalpakisch	ISO639-2 Languages	Authority		kaa
	Kara-Kalpak ; karakalpak ; Karakalpakisch
350.	Sotho, Southern | sotho du Sud | Süd-Sotho-Sprache	ISO639-2 Languages	Authority		sot
	Sotho, Southern ; sotho du Sud ; Süd-Sotho-Sprache
351.	Delaware | delaware | Delaware-Sprache	ISO639-2 Languages	Authority		del
	Delaware ; delaware ; Delaware-Sprache
352.	Inuktitut | inuktitut | Inuktitut	ISO639-2 Languages	Authority		iku
	Inuktitut ; inuktitut ; Inuktitut
353.	Geez | guèze | Altäthiopisch	ISO639-2 Languages	Authority		gez
	Geez ; guèze ; Altäthiopisch
354.	Iloko | ilocano | Ilokano-Sprache	ISO639-2 Languages	Authority		ilo
	Iloko ; ilocano ; Ilokano-Sprache
355.	Lushai | lushai | Lushai-Sprache	ISO639-2 Languages	Authority		lus
	Lushai ; lushai ; Lushai-Sprache
356.	Awadhi | awadhi | Awadhi	ISO639-2 Languages	Authority		awa
	Awadhi ; awadhi ; Awadhi
357.	Indic languages | indo-aryennes, langues | Indoarische Sprachen (Andere)	ISO639-2 Languages	Authority		inc
	Indic languages ; indo-aryennes, langues ; Indoarische Sprachen (Andere)
358.	Turkmen | turkmène | Turkmenisch	ISO639-2 Languages	Authority		tuk
	Turkmen ; turkmène ; Turkmenisch
359.	Makasar | makassar | Makassarisch	ISO639-2 Languages	Authority		mak
	Makasar ; makassar ; Makassarisch
360.	Judeo-Persian | judéo-persan | Jüdisch-Persisch	ISO639-2 Languages	Authority		jpr
	Judeo-Persian ; judéo-persan ; Jüdisch-Persisch
361.	Erzya | erza | Erza-Mordwinisch	ISO639-2 Languages	Authority		myv
	Erzya ; erza ; Erza-Mordwinisch
362.	Thai | thaï | Thailändisch	ISO639-2 Languages	Authority		tha
	Thai ; thaï ; Thailändisch
363.	Dravidian languages | dravidiennes,  langues | Drawidische Sprachen (Andere)	ISO639-2 Languages	Authority		dra
	Dravidian languages ; dravidiennes,  langues ; Drawidische Sprachen (Andere)
364.	Osage | osage | Osage-Sprache	ISO639-2 Languages	Authority		osa
	Osage ; osage ; Osage-Sprache
365.	Galician | galicien | Galicisch	ISO639-2 Languages	Authority		glg
	Galician ; galicien ; Galicisch
366.	Occitan (post 1500) | occitan (après 1500) | Okzitanisch	ISO639-2 Languages	Authority		oci
	Occitan (post 1500) ; occitan (après 1500) ; Okzitanisch
367.	Mari | mari | Tscheremissisch	ISO639-2 Languages	Authority		chm
	Mari ; mari ; Tscheremissisch
368.	Tigrinya | tigrigna | Tigrinja-Sprache	ISO639-2 Languages	Authority		tir
	Tigrinya ; tigrigna ; Tigrinja-Sprache
369.	Albanian | albanais | Albanisch	ISO639-2 Languages	Authority		alb
	Albanian ; albanais ; Albanisch
370.	Kachin |  Jingpho | kachin |  jingpho | Kachin-Sprache	ISO639-2 Languages	Authority		kac
	Kachin ; Jingpho ; kachin ; jingpho ; Kachin-Sprache
371.	Finno-Ugrian languages | finno-ougriennes,  langues | Finnougrische Sprachen (Andere)	ISO639-2 Languages	Authority		fiu
	Finno-Ugrian languages ; finno-ougriennes,  langues ; Finnougrische Sprachen (Andere)
372.	Vietnamese | vietnamien | Vietnamesisch	ISO639-2 Languages	Authority		vie
	Vietnamese ; vietnamien ; Vietnamesisch
373.	Vai | vaï | Vai-Sprache	ISO639-2 Languages	Authority		vai
	Vai ; vaï ; Vai-Sprache
374.	Slave (Athapascan) | esclave (athapascan) | Slave-Sprache	ISO639-2 Languages	Authority		den
	Slave (Athapascan) ; esclave (athapascan) ; Slave-Sprache
375.	Walloon | wallon | Wallonisch	ISO639-2 Languages	Authority		wln
	Walloon ; wallon ; Wallonisch
376.	Karelian | carélien | Karelisch	ISO639-2 Languages	Authority		krl
	Karelian ; carélien ; Karelisch
377.	Sinhala |  Sinhalese | singhalais | Singhalesisch	ISO639-2 Languages	Authority		sin
	Sinhala ; Sinhalese ; singhalais ; Singhalesisch
378.	Sardinian | sarde | Sardisch	ISO639-2 Languages	Authority		srd
	Sardinian ; sarde ; Sardisch
379.	Burmese | birman | Birmanisch	ISO639-2 Languages	Authority		mya
	Burmese ; birman ; Birmanisch
380.	Welsh | gallois | Kymrisch	ISO639-2 Languages	Authority		wel
	Welsh ; gallois ; Kymrisch
381.	Kazakh | kazakh | Kasachisch	ISO639-2 Languages	Authority		kaz
	Kazakh ; kazakh ; Kasachisch
382.	Indo-European languages | indo-européennes, langues | Indogermanische Sprachen (Andere)	ISO639-2 Languages	Authority		ine
	Indo-European languages ; indo-européennes, langues ; Indogermanische Sprachen (Andere)
383.	Tumbuka | tumbuka | Tumbuka-Sprache	ISO639-2 Languages	Authority		tum
	Tumbuka ; tumbuka ; Tumbuka-Sprache
384.	Apache languages | apaches, langues | Apachen-Sprachen	ISO639-2 Languages	Authority		apa
	Apache languages ; apaches, langues ; Apachen-Sprachen
385.	Nepali | népalais | Nepali	ISO639-2 Languages	Authority		nep
	Nepali ; népalais ; Nepali
386.	Javanese | javanais | Javanisch	ISO639-2 Languages	Authority		jav
	Javanese ; javanais ; Javanisch
387.	Oriya | oriya | Oriya-Sprache	ISO639-2 Languages	Authority		ori
	Oriya ; oriya ; Oriya-Sprache
388.	Mandar | mandar | Mandaresisch	ISO639-2 Languages	Authority		mdr
	Mandar ; mandar ; Mandaresisch
389.	Choctaw | choctaw | Choctaw-Sprache	ISO639-2 Languages	Authority		cho
	Choctaw ; choctaw ; Choctaw-Sprache
390.	French, Middle (ca.1400-1600) | français moyen (1400-1600) | Mittelfranzösisch	ISO639-2 Languages	Authority		frm
	French, Middle (ca.1400-1600) ; français moyen (1400-1600) ; Mittelfranzösisch
391.	Mossi | moré | Mossi-Sprache	ISO639-2 Languages	Authority		mos
	Mossi ; moré ; Mossi-Sprache
392.	Sorbian languages | sorabes, langues | Sorbisch (Andere)	ISO639-2 Languages	Authority		wen
	Sorbian languages ; sorabes, langues ; Sorbisch (Andere)
393.	Santali | santal | Santali	ISO639-2 Languages	Authority		sat
	Santali ; santal ; Santali
394.	Bamileke languages | bamiléké, langues | Bamileke-Sprachen	ISO639-2 Languages	Authority		bai
	Bamileke languages ; bamiléké, langues ; Bamileke-Sprachen
395.	Gondi | gond | Gondi-Sprache	ISO639-2 Languages	Authority		gon
	Gondi ; gond ; Gondi-Sprache
396.	Maori | maori | Maori-Sprache	ISO639-2 Languages	Authority		mao
	Maori ; maori ; Maori-Sprache
397.	Provençal, Old (to 1500) | Occitan, Old (to 1500) | provençal ancien (jusqu'à 1500) |  occitan ancien (jusqu'à 1500) | Altokzitanisch	ISO639-2 Languages	Authority		pro
	Provençal, Old (to 1500) ; Occitan, Old (to 1500) ; provençal ancien (jusqu'à 1500) ; occitan ancien (jusqu'à 1500) ; Altokzitanisch
398.	Celtic languages | celtiques, langues |  celtes, langues | Keltische Sprachen (Andere)	ISO639-2 Languages	Authority		cel
	Celtic languages ; celtiques, langues ; celtes, langues ; Keltische Sprachen (Andere)
399.	Friulian | frioulan | Friulisch	ISO639-2 Languages	Authority		fur
	Friulian ; frioulan ; Friulisch
400.	Tonga (Nyasa) | tonga (Nyasa) | Tonga (Bantusprache, Sambia)	ISO639-2 Languages	Authority		tog
	Tonga (Nyasa) ; tonga (Nyasa) ; Tonga (Bantusprache, Sambia)
401.	Tajik | tadjik | Tadschikisch	ISO639-2 Languages	Authority		tgk
	Tajik ; tadjik ; Tadschikisch
402.	Swati | swati | Swasi-Sprache	ISO639-2 Languages	Authority		ssw
	Swati ; swati ; Swasi-Sprache
403.	Rapanui | rapanui | Osterinsel-Sprache	ISO639-2 Languages	Authority		rap
	Rapanui ; rapanui ; Osterinsel-Sprache
404.	Bokmål, Norwegian |  Norwegian Bokmål | norvégien bokmål | Bokmål	ISO639-2 Languages	Authority		nob
	Bokmål, Norwegian ; Norwegian Bokmål ; norvégien bokmål ; Bokmål
405.	Sukuma | sukuma | Sukuma-Sprache	ISO639-2 Languages	Authority		suk
	Sukuma ; sukuma ; Sukuma-Sprache
406.	Samoan | samoan | Samoanisch	ISO639-2 Languages	Authority		smo
	Samoan ; samoan ; Samoanisch
407.	Elamite | élamite | Elamisch	ISO639-2 Languages	Authority		elx
	Elamite ; élamite ; Elamisch
408.	Corsican | corse | Korsisch	ISO639-2 Languages	Authority		cos
	Corsican ; corse ; Korsisch
409.	Konkani | konkani | Konkani	ISO639-2 Languages	Authority		kok
	Konkani ; konkani ; Konkani
410.	Umbundu | umbundu | Mbundu-Sprache	ISO639-2 Languages	Authority		umb
	Umbundu ; umbundu ; Mbundu-Sprache
411.	Mapudungun |  Mapuche | mapudungun |  mapuche |  mapuce | Arauka-Sprachen	ISO639-2 Languages	Authority		arn
	Mapudungun ; Mapuche ; mapudungun ; mapuche ; mapuce ; Arauka-Sprachen
412.	Kpelle | kpellé | Kpelle-Sprache	ISO639-2 Languages	Authority		kpe
	Kpelle ; kpellé ; Kpelle-Sprache
413.	Mende | mendé | Mende-Sprache	ISO639-2 Languages	Authority		men
	Mende ; mendé ; Mende-Sprache
414.	Khoisan languages | khoïsan, langues | Khoisan-Sprachen (Andere)	ISO639-2 Languages	Authority		khi
	Khoisan languages ; khoïsan, langues ; Khoisan-Sprachen (Andere)
415.	Tiv | tiv | Tiv-Sprache	ISO639-2 Languages	Authority		tiv
	Tiv ; tiv ; Tiv-Sprache
416.	Polish | polonais | Polnisch	ISO639-2 Languages	Authority		pol
	Polish ; polonais ; Polnisch
417.	French, Old (842-ca.1400) | français ancien (842-ca.1400) | Altfranzösisch	ISO639-2 Languages	Authority		fro
	French, Old (842-ca.1400) ; français ancien (842-ca.1400) ; Altfranzösisch
418.	Nauru | nauruan | Nauruanisch	ISO639-2 Languages	Authority		nau
	Nauru ; nauruan ; Nauruanisch
419.	Luba-Katanga | luba-katanga | Luba-Katanga-Sprache	ISO639-2 Languages	Authority		lub
	Luba-Katanga ; luba-katanga ; Luba-Katanga-Sprache
420.	Hiligaynon | hiligaynon | Hiligaynon-Sprache	ISO639-2 Languages	Authority		hil
	Hiligaynon ; hiligaynon ; Hiligaynon-Sprache
421.	Australian languages | australiennes, langues | Australische Sprachen	ISO639-2 Languages	Authority		aus
	Australian languages ; australiennes, langues ; Australische Sprachen
422.	Bashkir | bachkir | Baschkirisch	ISO639-2 Languages	Authority		bak
	Bashkir ; bachkir ; Baschkirisch
423.	Kimbundu | kimbundu | Kimbundu-Sprache	ISO639-2 Languages	Authority		kmb
	Kimbundu ; kimbundu ; Kimbundu-Sprache
424.	Pali | pali | Pali	ISO639-2 Languages	Authority		pli
	Pali ; pali ; Pali
425.	Rarotongan |  Cook Islands Maori | rarotonga |  maori des îles Cook | Rarotonganisch	ISO639-2 Languages	Authority		rar
	Rarotongan ; Cook Islands Maori ; rarotonga ; maori des îles Cook ; Rarotonganisch
426.	Lamba | lamba | Lamba-Sprache (Bantusprache)	ISO639-2 Languages	Authority		lam
	Lamba ; lamba ; Lamba-Sprache (Bantusprache)
427.	Oromo | galla | Galla-Sprache	ISO639-2 Languages	Authority		orm
	Oromo ; galla ; Galla-Sprache
428.	Beja |  Bedawiyet | bedja | Bedauye	ISO639-2 Languages	Authority		bej
	Beja ; Bedawiyet ; bedja ; Bedauye
429.	Soninke | soninké | Soninke-Sprache	ISO639-2 Languages	Authority		snk
	Soninke ; soninké ; Soninke-Sprache
430.	Swahili | swahili | Swahili	ISO639-2 Languages	Authority		swa
	Swahili ; swahili ; Swahili
431.	Washo | washo | Washo-Sprache	ISO639-2 Languages	Authority		was
	Washo ; washo ; Washo-Sprache
432.	Komi | kom | Komi-Sprache	ISO639-2 Languages	Authority		kom
	Komi ; kom ; Komi-Sprache
433.	Arapaho | arapaho | Arapaho-Sprache	ISO639-2 Languages	Authority		arp
	Arapaho ; arapaho ; Arapaho-Sprache
434.	Turkish, Ottoman (1500-1928) | turc ottoman (1500-1928) | Osmanisch	ISO639-2 Languages	Authority		ota
	Turkish, Ottoman (1500-1928) ; turc ottoman (1500-1928) ; Osmanisch
435.	N'Ko | n'ko | N'Ko	ISO639-2 Languages	Authority		nqo
	N'Ko ; n'ko ; N'Ko
436.	Pohnpeian | pohnpei | Ponapeanisch	ISO639-2 Languages	Authority		pon
	Pohnpeian ; pohnpei ; Ponapeanisch
437.	Tokelau | tokelau | Tokelauanisch	ISO639-2 Languages	Authority		tkl
	Tokelau ; tokelau ; Tokelauanisch
438.	Romance languages | romanes, langues | Romanische Sprachen (Andere)	ISO639-2 Languages	Authority		roa
	Romance languages ; romanes, langues ; Romanische Sprachen (Andere)
439.	Hindi | hindi | Hindi	ISO639-2 Languages	Authority		hin
	Hindi ; hindi ; Hindi
440.	Bhojpuri | bhojpuri | Bhojpuri	ISO639-2 Languages	Authority		bho
	Bhojpuri ; bhojpuri ; Bhojpuri
441.	Ndebele, North |  North Ndebele | ndébélé du Nord | Ndebele-Sprache (Simbabwe)	ISO639-2 Languages	Authority		nde
	Ndebele, North ; North Ndebele ; ndébélé du Nord ; Ndebele-Sprache (Simbabwe)
442.	Sino-Tibetan languages | sino-tibétaines, langues | Sinotibetische Sprachen (Andere)	ISO639-2 Languages	Authority		sit
	Sino-Tibetan languages ; sino-tibétaines, langues ; Sinotibetische Sprachen (Andere)
443.	Quechua | quechua | Quechua-Sprache	ISO639-2 Languages	Authority		que
	Quechua ; quechua ; Quechua-Sprache
444.	Bambara | bambara | Bambara-Sprache	ISO639-2 Languages	Authority		bam
	Bambara ; bambara ; Bambara-Sprache
445.	Gorontalo | gorontalo | Gorontalesisch	ISO639-2 Languages	Authority		gor
	Gorontalo ; gorontalo ; Gorontalesisch
446.	Uighur |  Uyghur | ouïgour | Uigurisch	ISO639-2 Languages	Authority		uig
	Uighur ; Uyghur ; ouïgour ; Uigurisch
447.	Masai | massaï | Massai-Sprache	ISO639-2 Languages	Authority		mas
	Masai ; massaï ; Massai-Sprache
448.	Venda | venda | Venda-Sprache	ISO639-2 Languages	Authority		ven
	Venda ; venda ; Venda-Sprache
449.	Fon | fon | Fon-Sprache	ISO639-2 Languages	Authority		fon
	Fon ; fon ; Fon-Sprache
450.	Lao | lao | Laotisch	ISO639-2 Languages	Authority		lao
	Lao ; lao ; Laotisch
451.	Skolt Sami | sami skolt | Skoltsaamisch	ISO639-2 Languages	Authority		sms
	Skolt Sami ; sami skolt ; Skoltsaamisch
452.	Ukrainian | ukrainien | Ukrainisch	ISO639-2 Languages	Authority		ukr
	Ukrainian ; ukrainien ; Ukrainisch
453.	Belarusian | biélorusse | Weißrussisch	ISO639-2 Languages	Authority		bel
	Belarusian ; biélorusse ; Weißrussisch
454.	Maltese | maltais | Maltesisch	ISO639-2 Languages	Authority		mlt
	Maltese ; maltais ; Maltesisch
455.	Sogdian | sogdien | Sogdisch	ISO639-2 Languages	Authority		sog
	Sogdian ; sogdien ; Sogdisch
456.	Yiddish | yiddish | Jiddisch	ISO639-2 Languages	Authority		yid
	Yiddish ; yiddish ; Jiddisch
457.	Spanish |  Castilian | espagnol |  castillan | Spanisch	ISO639-2 Languages	Authority		spa
	Spanish ; Castilian ; espagnol ; castillan ; Spanisch
458.	Church Slavic |  Old Slavonic |  Church Slavonic |  Old Bulgarian |  Old Church Slavonic | slavon d'église |  vieux slave |  slavon liturgique |  vieux bulgare | Kirchenslawisch	ISO639-2 Languages	Authority		chu
	Church Slavic ; Old Slavonic ; Church Slavonic ; Old Bulgarian ; Old Church Slavonic ; slavon d'église ; vieux slave ; slavon liturgique ; vieux bulgare ; Kirchenslawisch
459.	Central Khmer | khmer central | Kambodschanisch	ISO639-2 Languages	Authority		khm
	Central Khmer ; khmer central ; Kambodschanisch
460.	Cree | cree | Cree-Sprache	ISO639-2 Languages	Authority		cre
	Cree ; cree ; Cree-Sprache
461.	Nyamwezi | nyamwezi | Nyamwezi-Sprache	ISO639-2 Languages	Authority		nym
	Nyamwezi ; nyamwezi ; Nyamwezi-Sprache
462.	Germanic languages | germaniques, langues | Germanische Sprachen (Andere)	ISO639-2 Languages	Authority		gem
	Germanic languages ; germaniques, langues ; Germanische Sprachen (Andere)
463.	Eastern Frisian | frison oriental | Ostfriesisch	ISO639-2 Languages	Authority		frs
	Eastern Frisian ; frison oriental ; Ostfriesisch
464.	Niuean | niué | Niue-Sprache	ISO639-2 Languages	Authority		niu
	Niuean ; niué ; Niue-Sprache
465.	Klingon |  tlhIngan-Hol | klingon | Klingonisch	ISO639-2 Languages	Authority		tlh
	Klingon ; tlhIngan-Hol ; klingon ; Klingonisch
466.	Phoenician | phénicien | Phönikisch	ISO639-2 Languages	Authority		phn
	Phoenician ; phénicien ; Phönikisch
467.	Bosnian | bosniaque | Bosnisch	ISO639-2 Languages	Authority		bos
	Bosnian ; bosniaque ; Bosnisch
468.	Haitian |  Haitian Creole | haïtien |  créole haïtien | Haïtien (Haiti-Kreolisch)	ISO639-2 Languages	Authority		hat
	Haitian ; Haitian Creole ; haïtien ; créole haïtien ; Haïtien (Haiti-Kreolisch)
469.	Pahlavi | pahlavi | Mittelpersisch	ISO639-2 Languages	Authority		pal
	Pahlavi ; pahlavi ; Mittelpersisch
470.	Bikol | bikol | Bikol-Sprache	ISO639-2 Languages	Authority		bik
	Bikol ; bikol ; Bikol-Sprache
471.	Braj | braj | Braj-Bhakha	ISO639-2 Languages	Authority		bra
	Braj ; braj ; Braj-Bhakha
472.	Gothic | gothique | Gotisch	ISO639-2 Languages	Authority		got
	Gothic ; gothique ; Gotisch
473.	Sicilian | sicilien | Sizilianisch	ISO639-2 Languages	Authority		scn
	Sicilian ; sicilien ; Sizilianisch
474.	Malay | malais | Malaiisch	ISO639-2 Languages	Authority		msa
	Malay ; malais ; Malaiisch
475.	Gilbertese | kiribati | Gilbertesisch	ISO639-2 Languages	Authority		gil
	Gilbertese ; kiribati ; Gilbertesisch
476.	Grebo | grebo | Grebo-Sprache	ISO639-2 Languages	Authority		grb
	Grebo ; grebo ; Grebo-Sprache
477.	Twi | twi | Twi-Sprache	ISO639-2 Languages	Authority		twi
	Twi ; twi ; Twi-Sprache
478.	Hiri Motu | hiri motu | Hiri-Motu	ISO639-2 Languages	Authority		hmo
	Hiri Motu ; hiri motu ; Hiri-Motu
479.	Limburgan |  Limburger |  Limburgish | limbourgeois | Limburgisch	ISO639-2 Languages	Authority		lim
	Limburgan ; Limburger ; Limburgish ; limbourgeois ; Limburgisch
480.	Land Dayak languages | dayak, langues | Dajakisch	ISO639-2 Languages	Authority		day
	Land Dayak languages ; dayak, langues ; Dajakisch
501.	Tok Pisin | tok pisin | Neumelanesisch	ISO639-2 Languages	Authority		tpi
	Tok Pisin ; tok pisin ; Neumelanesisch
502.	Zapotec | zapotèque | Zapotekisch	ISO639-2 Languages	Authority		zap
	Zapotec ; zapotèque ; Zapotekisch
503.	Chibcha | chibcha | Chibcha-Sprachen	ISO639-2 Languages	Authority		chb
	Chibcha ; chibcha ; Chibcha-Sprachen
504.	Tigre | tigré | Tigre-Sprache	ISO639-2 Languages	Authority		tig
	Tigre ; tigré ; Tigre-Sprache
505.	Susu | soussou | Susu	ISO639-2 Languages	Authority		sus
	Susu ; soussou ; Susu
506.	Fijian | fidjien | Fidschi-Sprache	ISO639-2 Languages	Authority		fij
	Fijian ; fidjien ; Fidschi-Sprache
481.	Tai languages | tai, langues | Thaisprachen (Andere)	ISO639-2 Languages	Authority		tai
	Tai languages ; tai, langues ; Thaisprachen (Andere)
482.	Bengali | bengali | Bengali	ISO639-2 Languages	Authority		ben
	Bengali ; bengali ; Bengali
483.	Swedish | suédois | Schwedisch	ISO639-2 Languages	Authority		swe
	Swedish ; suédois ; Schwedisch
484.	Multiple languages | multilingue | Mehrere Sprachen	ISO639-2 Languages	Authority		mul
	Multiple languages ; multilingue ; Mehrere Sprachen
485.	Artificial languages | artificielles, langues | Kunstsprachen (Andere)	ISO639-2 Languages	Authority		art
	Artificial languages ; artificielles, langues ; Kunstsprachen (Andere)
486.	Khotanese |  Sakan | khotanais |  sakan | Sakisch	ISO639-2 Languages	Authority		kho
	Khotanese ; Sakan ; khotanais ; sakan ; Sakisch
487.	Athapascan languages | athapascanes, langues | Athapaskische Sprachen (Andere)	ISO639-2 Languages	Authority		ath
	Athapascan languages ; athapascanes, langues ; Athapaskische Sprachen (Andere)
488.	Nyoro | nyoro | Nyoro-Sprache	ISO639-2 Languages	Authority		nyo
	Nyoro ; nyoro ; Nyoro-Sprache
489.	Georgian | géorgien | Georgisch	ISO639-2 Languages	Authority		geo
	Georgian ; géorgien ; Georgisch
490.	Romanian |  Moldavian |  Moldovan | roumain |  moldave | Rumänisch	ISO639-2 Languages	Authority		rum
	Romanian ; Moldavian ; Moldovan ; roumain ; moldave ; Rumänisch
491.	Caucasian languages | caucasiennes, langues | Kaukasische Sprachen (Andere)	ISO639-2 Languages	Authority		cau
	Caucasian languages ; caucasiennes, langues ; Kaukasische Sprachen (Andere)
492.	Kamba | kamba | Kamba-Sprache	ISO639-2 Languages	Authority		kam
	Kamba ; kamba ; Kamba-Sprache
493.	Nzima | nzema | Nzima-Sprache	ISO639-2 Languages	Authority		nzi
	Nzima ; nzema ; Nzima-Sprache
494.	Portuguese | portugais | Portugiesisch	ISO639-2 Languages	Authority		por
	Portuguese ; portugais ; Portugiesisch
495.	Panjabi |  Punjabi | pendjabi | Pandschabi-Sprache	ISO639-2 Languages	Authority		pan
	Panjabi ; Punjabi ; pendjabi ; Pandschabi-Sprache
496.	Upper Sorbian | haut-sorabe | Obersorbisch	ISO639-2 Languages	Authority		hsb
	Upper Sorbian ; haut-sorabe ; Obersorbisch
497.	Sranan Tongo | sranan tongo | Sranantongo	ISO639-2 Languages	Authority		srn
	Sranan Tongo ; sranan tongo ; Sranantongo
498.	Basque | basque | Baskisch	ISO639-2 Languages	Authority		baq
	Basque ; basque ; Baskisch
499.	Uncoded languages | langues non codées | Einzelne andere Sprachen	ISO639-2 Languages	Authority		mis
	Uncoded languages ; langues non codées ; Einzelne andere Sprachen
500.	Maori | maori | Maori-Sprache	ISO639-2 Languages	Authority		mri
	Maori ; maori ; Maori-Sprache
